row_id,order_id,order_date,ship_date,ship_mode,customer_id,customer_name,segment,country,city,state,postal_code,region,product_id,category,sub_category,product_name,sales,quantity,discount,profit
1,CA-2020-150000,2019-01-08,2019-01-11,Second Class,RB-19360,Raymond Buch,Consumer,United States,Chicago,Illinois,60610,Central,PROD-002,Furniture,Tables,Office Writing Desk,80,2,0.1,6.4
2,CA-2021-150001,2019-01-15,2019-01-19,Standard Class,BP-11290,Beth Paige,Corporate,United States,Philadelphia,Pennsylvania,19140,East,PROD-003,Technology,Phones,iPhone SE,115,3,0.2,-2.3
3,CA-2022-150001,2019-01-22,2019-01-27,First Class,TG-21310,Toby Gnade,Consumer,United States,New York City,New York,10035,East,PROD-004,Technology,Accessories,Wireless Keyboard,150,4,0.0,27.0
4,CA-2023-150002,2019-01-29,2019-01-31,Second Class,MC-18100,Mick Crebagga,Home Office,United States,Dallas,Texas,75201,South,PROD-005,Technology,Accessories,Wireless Mouse,185,5,0.1,14.8
5,CA-2019-150002,2019-02-05,2019-02-08,Standard Class,LC-16870,Lena Cacioppo,Consumer,United States,San Francisco,California,94109,West,PROD-006,Office Supplies,Binders,Avery Binder,145,1,0.2,-2.9
6,CA-2020-150003,2019-02-12,2019-02-16,First Class,RB-19360,Raymond Buch,Consumer,United States,Chicago,Illinois,60610,Central,PROD-007,Office Supplies,Paper,Copy Paper,180,2,0.0,32.4
7,CA-2021-150003,2019-02-19,2019-02-24,Second Class,BP-11290,Beth Paige,Corporate,United States,Philadelphia,Pennsylvania,19140,East,PROD-008,Furniture,Bookcases,5-Shelf Bookcase,215,3,0.1,17.2
8,CA-2022-150004,2019-02-26,2019-02-28,Standard Class,TG-21310,Toby Gnade,Consumer,United States,New York City,New York,10035,East,PROD-009,Office Supplies,Storage,File Organizer,250,4,0.2,-5.0
9,CA-2023-150004,2019-03-05,2019-03-08,First Class,MC-18100,Mick Crebagga,Home Office,United States,Dallas,Texas,75201,South,PROD-010,Technology,Accessories,USB-C Hub,285,5,0.0,51.3
10,CA-2019-150005,2019-03-12,2019-03-16,Second Class,LC-16870,Lena Cacioppo,Consumer,United States,San Francisco,California,94109,West,PROD-001,Furniture,Chairs,Executive Office Chair,45,1,0.1,3.6
11,CA-2020-150005,2019-03-19,2019-03-24,Standard Class,RB-19360,Raymond Buch,Consumer,United States,Chicago,Illinois,60610,Central,PROD-002,Furniture,Tables,Office Writing Desk,80,2,0.2,-1.6
12,CA-2021-150006,2019-03-26,2019-03-28,First Class,BP-11290,Beth Paige,Corporate,United States,Philadelphia,Pennsylvania,19140,East,PROD-003,Technology,Phones,iPhone SE,115,3,0.0,20.7
13,CA-2022-150006,2019-04-02,2019-04-05,Second Class,TG-21310,Toby Gnade,Consumer,United States,New York City,New York,10035,East,PROD-004,Technology,Accessories,Wireless Keyboard,150,4,0.1,12.0
14,CA-2023-150007,2019-04-09,2019-04-13,Standard Class,MC-18100,Mick Crebagga,Home Office,United States,Dallas,Texas,75201,South,PROD-005,Technology,Accessories,Wireless Mouse,185,5,0.2,-3.7
15,CA-2019-150007,2019-04-16,2019-04-21,First Class,LC-16870,Lena Cacioppo,Consumer,United States,San Francisco,California,94109,West,PROD-006,Office Supplies,Binders,Avery Binder,145,1,0.0,26.1
16,CA-2020-150008,2019-04-23,2019-04-25,Second Class,RB-19360,Raymond Buch,Consumer,United States,Chicago,Illinois,60610,Central,PROD-007,Office Supplies,Paper,Copy Paper,180,2,0.1,14.4
17,CA-2021-150008,2019-04-30,2019-05-03,Standard Class,BP-11290,Beth Paige,Corporate,United States,Philadelphia,Pennsylvania,19140,East,PROD-008,Furniture,Bookcases,5-Shelf Bookcase,215,3,0.2,-4.3
18,CA-2022-150009,2019-05-07,2019-05-11,First Class,TG-21310,Toby Gnade,Consumer,United States,New York City,New York,10035,East,PROD-009,Office Supplies,Storage,File Organizer,250,4,0.0,45.0
19,CA-2023-150009,2019-05-14,2019-05-19,Second Class,MC-18100,Mick Crebagga,Home Office,United States,Dallas,Texas,75201,South,PROD-010,Technology,Accessories,USB-C Hub,285,5,0.1,22.8
20,CA-2019-150010,2019-05-21,2019-05-23,Standard Class,LC-16870,Lena Cacioppo,Consumer,United States,San Francisco,California,94109,West,PROD-001,Furniture,Chairs,Executive Office Chair,45,1,0.2,-0.9
21,CA-2020-150010,2019-05-28,2019-05-31,First Class,RB-19360,Raymond Buch,Consumer,United States,Chicago,Illinois,60610,Central,PROD-002,Furniture,Tables,Office Writing Desk,80,2,0.0,14.4
22,CA-2021-150011,2019-06-04,2019-06-08,Second Class,BP-11290,Beth Paige,Corporate,United States,Philadelphia,Pennsylvania,19140,East,PROD-003,Technology,Phones,iPhone SE,115,3,0.1,9.2
23,CA-2022-150011,2019-06-11,2019-06-16,Standard Class,TG-21310,Toby Gnade,Consumer,United States,New York City,New York,10035,East,PROD-004,Technology,Accessories,Wireless Keyboard,150,4,0.2,-3.0
24,CA-2023-150012,2019-06-18,2019-06-20,First Class,MC-18100,Mick Crebagga,Home Office,United States,Dallas,Texas,75201,South,PROD-005,Technology,Accessories,Wireless Mouse,185,5,0.0,33.3
25,CA-2019-150012,2019-06-25,2019-06-28,Second Class,LC-16870,Lena Cacioppo,Consumer,United States,San Francisco,California,94109,West,PROD-006,Office Supplies,Binders,Avery Binder,145,1,0.1,11.6
26,CA-2020-150013,2019-07-02,2019-07-06,Standard Class,RB-19360,Raymond Buch,Consumer,United States,Chicago,Illinois,60610,Central,PROD-007,Office Supplies,Paper,Copy Paper,180,2,0.2,-3.6
27,CA-2021-150013,2019-07-09,2019-07-14,First Class,BP-11290,Beth Paige,Corporate,United States,Philadelphia,Pennsylvania,19140,East,PROD-008,Furniture,Bookcases,5-Shelf Bookcase,215,3,0.0,38.7
28,CA-2022-150014,2019-07-16,2019-07-18,Second Class,TG-21310,Toby Gnade,Consumer,United States,New York City,New York,10035,East,PROD-009,Office Supplies,Storage,File Organizer,250,4,0.1,20.0
29,CA-2023-150014,2019-07-23,2019-07-26,Standard Class,MC-18100,Mick Crebagga,Home Office,United States,Dallas,Texas,75201,South,PROD-010,Technology,Accessories,USB-C Hub,285,5,0.2,-5.7
30,CA-2019-150015,2019-07-30,2019-08-03,First Class,LC-16870,Lena Cacioppo,Consumer,United States,San Francisco,California,94109,West,PROD-001,Furniture,Chairs,Executive Office Chair,45,1,0.0,8.1
31,CA-2020-150015,2019-08-06,2019-08-11,Second Class,RB-19360,Raymond Buch,Consumer,United States,Chicago,Illinois,60610,Central,PROD-002,Furniture,Tables,Office Writing Desk,80,2,0.1,6.4
32,CA-2021-150016,2019-08-13,2019-08-15,Standard Class,BP-11290,Beth Paige,Corporate,United States,Philadelphia,Pennsylvania,19140,East,PROD-003,Technology,Phones,iPhone SE,115,3,0.2,-2.3
33,CA-2022-150016,2019-08-20,2019-08-23,First Class,TG-21310,Toby Gnade,Consumer,United States,New York City,New York,10035,East,PROD-004,Technology,Accessories,Wireless Keyboard,150,4,0.0,27.0
34,CA-2023-150017,2019-08-27,2019-08-31,Second Class,MC-18100,Mick Crebagga,Home Office,United States,Dallas,Texas,75201,South,PROD-005,Technology,Accessories,Wireless Mouse,185,5,0.1,14.8
35,CA-2019-150017,2019-09-03,2019-09-08,Standard Class,LC-16870,Lena Cacioppo,Consumer,United States,San Francisco,California,94109,West,PROD-006,Office Supplies,Binders,Avery Binder,145,1,0.2,-2.9
36,CA-2020-150018,2019-09-10,2019-09-12,First Class,RB-19360,Raymond Buch,Consumer,United States,Chicago,Illinois,60610,Central,PROD-007,Office Supplies,Paper,Copy Paper,180,2,0.0,32.4
37,CA-2021-150018,2019-09-17,2019-09-20,Second Class,BP-11290,Beth Paige,Corporate,United States,Philadelphia,Pennsylvania,19140,East,PROD-008,Furniture,Bookcases,5-Shelf Bookcase,215,3,0.1,17.2
38,CA-2022-150019,2019-09-24,2019-09-28,Standard Class,TG-21310,Toby Gnade,Consumer,United States,New York City,New York,10035,East,PROD-009,Office Supplies,Storage,File Organizer,250,4,0.2,-5.0
39,CA-2023-150019,2019-10-01,2019-10-06,First Class,MC-18100,Mick Crebagga,Home Office,United States,Dallas,Texas,75201,South,PROD-010,Technology,Accessories,USB-C Hub,285,5,0.0,51.3
40,CA-2019-150020,2019-10-08,2019-10-10,Second Class,LC-16870,Lena Cacioppo,Consumer,United States,San Francisco,California,94109,West,PROD-001,Furniture,Chairs,Executive Office Chair,45,1,0.1,3.6
41,CA-2020-150020,2019-10-15,2019-10-18,Standard Class,RB-19360,Raymond Buch,Consumer,United States,Chicago,Illinois,60610,Central,PROD-002,Furniture,Tables,Office Writing Desk,80,2,0.2,-1.6
42,CA-2021-150021,2019-10-22,2019-10-26,First Class,BP-11290,Beth Paige,Corporate,United States,Philadelphia,Pennsylvania,19140,East,PROD-003,Technology,Phones,iPhone SE,115,3,0.0,20.7
43,CA-2022-150021,2019-10-29,2019-11-03,Second Class,TG-21310,Toby Gnade,Consumer,United States,New York City,New York,10035,East,PROD-004,Technology,Accessories,Wireless Keyboard,150,4,0.1,12.0
44,CA-2023-150022,2019-11-05,2019-11-07,Standard Class,MC-18100,Mick Crebagga,Home Office,United States,Dallas,Texas,75201,South,PROD-005,Technology,Accessories,Wireless Mouse,185,5,0.2,-3.7
45,CA-2019-150022,2019-11-12,2019-11-15,First Class,LC-16870,Lena Cacioppo,Consumer,United States,San Francisco,California,94109,West,PROD-006,Office Supplies,Binders,Avery Binder,145,1,0.0,26.1
46,CA-2020-150023,2019-11-19,2019-11-23,Second Class,RB-19360,Raymond Buch,Consumer,United States,Chicago,Illinois,60610,Central,PROD-007,Office Supplies,Paper,Copy Paper,180,2,0.1,14.4
47,CA-2021-150023,2019-11-26,2019-12-01,Standard Class,BP-11290,Beth Paige,Corporate,United States,Philadelphia,Pennsylvania,19140,East,PROD-008,Furniture,Bookcases,5-Shelf Bookcase,215,3,0.2,-4.3
48,CA-2022-150024,2019-12-03,2019-12-05,First Class,TG-21310,Toby Gnade,Consumer,United States,New York City,New York,10035,East,PROD-009,Office Supplies,Storage,File Organizer,250,4,0.0,45.0
49,CA-2023-150024,2019-12-10,2019-12-13,Second Class,MC-18100,Mick Crebagga,Home Office,United States,Dallas,Texas,75201,South,PROD-010,Technology,Accessories,USB-C Hub,285,5,0.1,22.8
50,CA-2019-150025,2019-12-17,2019-12-21,Standard Class,LC-16870,Lena Cacioppo,Consumer,United States,San Francisco,California,94109,West,PROD-001,Furniture,Chairs,Executive Office Chair,45,1,0.2,-0.9
51,CA-2020-150025,2019-12-24,2019-12-29,First Class,RB-19360,Raymond Buch,Consumer,United States,Chicago,Illinois,60610,Central,PROD-002,Furniture,Tables,Office Writing Desk,80,2,0.0,14.4
52,CA-2021-150026,2019-12-31,2020-01-02,Second Class,BP-11290,Beth Paige,Corporate,United States,Philadelphia,Pennsylvania,19140,East,PROD-003,Technology,Phones,iPhone SE,115,3,0.1,9.2
53,CA-2022-150026,2020-01-07,2020-01-10,Standard Class,TG-21310,Toby Gnade,Consumer,United States,New York City,New York,10035,East,PROD-004,Technology,Accessories,Wireless Keyboard,150,4,0.2,-3.0
54,CA-2023-150027,2020-01-14,2020-01-18,First Class,MC-18100,Mick Crebagga,Home Office,United States,Dallas,Texas,75201,South,PROD-005,Technology,Accessories,Wireless Mouse,185,5,0.0,33.3
55,CA-2019-150027,2020-01-21,2020-01-26,Second Class,LC-16870,Lena Cacioppo,Consumer,United States,San Francisco,California,94109,West,PROD-006,Office Supplies,Binders,Avery Binder,145,1,0.1,11.6
56,CA-2020-150028,2020-01-28,2020-01-30,Standard Class,RB-19360,Raymond Buch,Consumer,United States,Chicago,Illinois,60610,Central,PROD-007,Office Supplies,Paper,Copy Paper,180,2,0.2,-3.6
57,CA-2021-150028,2020-02-04,2020-02-07,First Class,BP-11290,Beth Paige,Corporate,United States,Philadelphia,Pennsylvania,19140,East,PROD-008,Furniture,Bookcases,5-Shelf Bookcase,215,3,0.0,38.7
58,CA-2022-150029,2020-02-11,2020-02-15,Second Class,TG-21310,Toby Gnade,Consumer,United States,New York City,New York,10035,East,PROD-009,Office Supplies,Storage,File Organizer,250,4,0.1,20.0
59,CA-2023-150029,2020-02-18,2020-02-23,Standard Class,MC-18100,Mick Crebagga,Home Office,United States,Dallas,Texas,75201,South,PROD-010,Technology,Accessories,USB-C Hub,285,5,0.2,-5.7
60,CA-2019-150030,2020-02-25,2020-02-27,First Class,LC-16870,Lena Cacioppo,Consumer,United States,San Francisco,California,94109,West,PROD-001,Furniture,Chairs,Executive Office Chair,45,1,0.0,8.1
61,CA-2020-150030,2020-03-03,2020-03-06,Second Class,RB-19360,Raymond Buch,Consumer,United States,Chicago,Illinois,60610,Central,PROD-002,Furniture,Tables,Office Writing Desk,80,2,0.1,6.4
62,CA-2021-150031,2020-03-10,2020-03-14,Standard Class,BP-11290,Beth Paige,Corporate,United States,Philadelphia,Pennsylvania,19140,East,PROD-003,Technology,Phones,iPhone SE,115,3,0.2,-2.3
63,CA-2022-150031,2020-03-17,2020-03-22,First Class,TG-21310,Toby Gnade,Consumer,United States,New York City,New York,10035,East,PROD-004,Technology,Accessories,Wireless Keyboard,150,4,0.0,27.0
64,CA-2023-150032,2020-03-24,2020-03-26,Second Class,MC-18100,Mick Crebagga,Home Office,United States,Dallas,Texas,75201,South,PROD-005,Technology,Accessories,Wireless Mouse,185,5,0.1,14.8
65,CA-2019-150032,2020-03-31,2020-04-03,Standard Class,LC-16870,Lena Cacioppo,Consumer,United States,San Francisco,California,94109,West,PROD-006,Office Supplies,Binders,Avery Binder,145,1,0.2,-2.9
66,CA-2020-150033,2020-04-07,2020-04-11,First Class,RB-19360,Raymond Buch,Consumer,United States,Chicago,Illinois,60610,Central,PROD-007,Office Supplies,Paper,Copy Paper,180,2,0.0,32.4
67,CA-2021-150033,2020-04-14,2020-04-19,Second Class,BP-11290,Beth Paige,Corporate,United States,Philadelphia,Pennsylvania,19140,East,PROD-008,Furniture,Bookcases,5-Shelf Bookcase,215,3,0.1,17.2
68,CA-2022-150034,2020-04-21,2020-04-23,Standard Class,TG-21310,Toby Gnade,Consumer,United States,New York City,New York,10035,East,PROD-009,Office Supplies,Storage,File Organizer,250,4,0.2,-5.0
69,CA-2023-150034,2020-04-28,2020-05-01,First Class,MC-18100,Mick Crebagga,Home Office,United States,Dallas,Texas,75201,South,PROD-010,Technology,Accessories,USB-C Hub,285,5,0.0,51.3
70,CA-2019-150035,2020-05-05,2020-05-09,Second Class,LC-16870,Lena Cacioppo,Consumer,United States,San Francisco,California,94109,West,PROD-001,Furniture,Chairs,Executive Office Chair,45,1,0.1,3.6
71,CA-2020-150035,2020-05-12,2020-05-17,Standard Class,RB-19360,Raymond Buch,Consumer,United States,Chicago,Illinois,60610,Central,PROD-002,Furniture,Tables,Office Writing Desk,80,2,0.2,-1.6
72,CA-2021-150036,2020-05-19,2020-05-21,First Class,BP-11290,Beth Paige,Corporate,United States,Philadelphia,Pennsylvania,19140,East,PROD-003,Technology,Phones,iPhone SE,115,3,0.0,20.7
73,CA-2022-150036,2020-05-26,2020-05-29,Second Class,TG-21310,Toby Gnade,Consumer,United States,New York City,New York,10035,East,PROD-004,Technology,Accessories,Wireless Keyboard,150,4,0.1,12.0
74,CA-2023-150037,2020-06-02,2020-06-06,Standard Class,MC-18100,Mick Crebagga,Home Office,United States,Dallas,Texas,75201,South,PROD-005,Technology,Accessories,Wireless Mouse,185,5,0.2,-3.7
75,CA-2019-150037,2020-06-09,2020-06-14,First Class,LC-16870,Lena Cacioppo,Consumer,United States,San Francisco,California,94109,West,PROD-006,Office Supplies,Binders,Avery Binder,145,1,0.0,26.1
76,CA-2020-150038,2020-06-16,2020-06-18,Second Class,RB-19360,Raymond Buch,Consumer,United States,Chicago,Illinois,60610,Central,PROD-007,Office Supplies,Paper,Copy Paper,180,2,0.1,14.4
77,CA-2021-150038,2020-06-23,2020-06-26,Standard Class,BP-11290,Beth Paige,Corporate,United States,Philadelphia,Pennsylvania,19140,East,PROD-008,Furniture,Bookcases,5-Shelf Bookcase,215,3,0.2,-4.3
78,CA-2022-150039,2020-06-30,2020-07-04,First Class,TG-21310,Toby Gnade,Consumer,United States,New York City,New York,10035,East,PROD-009,Office Supplies,Storage,File Organizer,250,4,0.0,45.0
79,CA-2023-150039,2020-07-07,2020-07-12,Second Class,MC-18100,Mick Crebagga,Home Office,United States,Dallas,Texas,75201,South,PROD-010,Technology,Accessories,USB-C Hub,285,5,0.1,22.8
80,CA-2019-150040,2020-07-14,2020-07-16,Standard Class,LC-16870,Lena Cacioppo,Consumer,United States,San Francisco,California,94109,West,PROD-001,Furniture,Chairs,Executive Office Chair,45,1,0.2,-0.9
81,CA-2020-150040,2020-07-21,2020-07-24,First Class,RB-19360,Raymond Buch,Consumer,United States,Chicago,Illinois,60610,Central,PROD-002,Furniture,Tables,Office Writing Desk,80,2,0.0,14.4
82,CA-2021-150041,2020-07-28,2020-08-01,Second Class,BP-11290,Beth Paige,Corporate,United States,Philadelphia,Pennsylvania,19140,East,PROD-003,Technology,Phones,iPhone SE,115,3,0.1,9.2
83,CA-2022-150041,2020-08-04,2020-08-09,Standard Class,TG-21310,Toby Gnade,Consumer,United States,New York City,New York,10035,East,PROD-004,Technology,Accessories,Wireless Keyboard,150,4,0.2,-3.0
84,CA-2023-150042,2020-08-11,2020-08-13,First Class,MC-18100,Mick Crebagga,Home Office,United States,Dallas,Texas,75201,South,PROD-005,Technology,Accessories,Wireless Mouse,185,5,0.0,33.3
85,CA-2019-150042,2020-08-18,2020-08-21,Second Class,LC-16870,Lena Cacioppo,Consumer,United States,San Francisco,California,94109,West,PROD-006,Office Supplies,Binders,Avery Binder,145,1,0.1,11.6
86,CA-2020-150043,2020-08-25,2020-08-29,Standard Class,RB-19360,Raymond Buch,Consumer,United States,Chicago,Illinois,60610,Central,PROD-007,Office Supplies,Paper,Copy Paper,180,2,0.2,-3.6
87,CA-2021-150043,2020-09-01,2020-09-06,First Class,BP-11290,Beth Paige,Corporate,United States,Philadelphia,Pennsylvania,19140,East,PROD-008,Furniture,Bookcases,5-Shelf Bookcase,215,3,0.0,38.7
88,CA-2022-150044,2020-09-08,2020-09-10,Second Class,TG-21310,Toby Gnade,Consumer,United States,New York City,New York,10035,East,PROD-009,Office Supplies,Storage,File Organizer,250,4,0.1,20.0
89,CA-2023-150044,2020-09-15,2020-09-18,Standard Class,MC-18100,Mick Crebagga,Home Office,United States,Dallas,Texas,75201,South,PROD-010,Technology,Accessories,USB-C Hub,285,5,0.2,-5.7
90,CA-2019-150045,2020-09-22,2020-09-26,First Class,LC-16870,Lena Cacioppo,Consumer,United States,San Francisco,California,94109,West,PROD-001,Furniture,Chairs,Executive Office Chair,45,1,0.0,8.1
91,CA-2020-150045,2020-09-29,2020-10-04,Second Class,RB-19360,Raymond Buch,Consumer,United States,Chicago,Illinois,60610,Central,PROD-002,Furniture,Tables,Office Writing Desk,80,2,0.1,6.4
92,CA-2021-150046,2020-10-06,2020-10-08,Standard Class,BP-11290,Beth Paige,Corporate,United States,Philadelphia,Pennsylvania,19140,East,PROD-003,Technology,Phones,iPhone SE,115,3,0.2,-2.3
93,CA-2022-150046,2020-10-13,2020-10-16,First Class,TG-21310,Toby Gnade,Consumer,United States,New York City,New York,10035,East,PROD-004,Technology,Accessories,Wireless Keyboard,150,4,0.0,27.0
94,CA-2023-150047,2020-10-20,2020-10-24,Second Class,MC-18100,Mick Crebagga,Home Office,United States,Dallas,Texas,75201,South,PROD-005,Technology,Accessories,Wireless Mouse,185,5,0.1,14.8
95,CA-2019-150047,2020-10-27,2020-11-01,Standard Class,LC-16870,Lena Cacioppo,Consumer,United States,San Francisco,California,94109,West,PROD-006,Office Supplies,Binders,Avery Binder,145,1,0.2,-2.9
96,CA-2020-150048,2020-11-03,2020-11-05,First Class,RB-19360,Raymond Buch,Consumer,United States,Chicago,Illinois,60610,Central,PROD-007,Office Supplies,Paper,Copy Paper,180,2,0.0,32.4
97,CA-2021-150048,2020-11-10,2020-11-13,Second Class,BP-11290,Beth Paige,Corporate,United States,Philadelphia,Pennsylvania,19140,East,PROD-008,Furniture,Bookcases,5-Shelf Bookcase,215,3,0.1,17.2
98,CA-2022-150049,2020-11-17,2020-11-21,Standard Class,TG-21310,Toby Gnade,Consumer,United States,New York City,New York,10035,East,PROD-009,Office Supplies,Storage,File Organizer,250,4,0.2,-5.0
99,CA-2023-150049,2020-11-24,2020-11-29,First Class,MC-18100,Mick Crebagga,Home Office,United States,Dallas,Texas,75201,South,PROD-010,Technology,Accessories,USB-C Hub,285,5,0.0,51.3
100,CA-2019-150050,2020-12-01,2020-12-03,Second Class,LC-16870,Lena Cacioppo,Consumer,United States,San Francisco,California,94109,West,PROD-001,Furniture,Chairs,Executive Office Chair,45,1,0.1,3.6
101,CA-2020-150050,2020-12-08,2020-12-11,Standard Class,RB-19360,Raymond Buch,Consumer,United States,Chicago,Illinois,60610,Central,PROD-002,Furniture,Tables,Office Writing Desk,80,2,0.2,-1.6
102,CA-2021-150051,2020-12-15,2020-12-19,First Class,BP-11290,Beth Paige,Corporate,United States,Philadelphia,Pennsylvania,19140,East,PROD-003,Technology,Phones,iPhone SE,115,3,0.0,20.7
103,CA-2022-150051,2020-12-22,2020-12-27,Second Class,TG-21310,Toby Gnade,Consumer,United States,New York City,New York,10035,East,PROD-004,Technology,Accessories,Wireless Keyboard,150,4,0.1,12.0
104,CA-2023-150052,2020-12-29,2020-12-31,Standard Class,MC-18100,Mick Crebagga,Home Office,United States,Dallas,Texas,75201,South,PROD-005,Technology,Accessories,Wireless Mouse,185,5,0.2,-3.7
105,CA-2019-150052,2021-01-05,2021-01-08,First Class,LC-16870,Lena Cacioppo,Consumer,United States,San Francisco,California,94109,West,PROD-006,Office Supplies,Binders,Avery Binder,145,1,0.0,26.1
106,CA-2020-150053,2021-01-12,2021-01-16,Second Class,RB-19360,Raymond Buch,Consumer,United States,Chicago,Illinois,60610,Central,PROD-007,Office Supplies,Paper,Copy Paper,180,2,0.1,14.4
107,CA-2021-150053,2021-01-19,2021-01-24,Standard Class,BP-11290,Beth Paige,Corporate,United States,Philadelphia,Pennsylvania,19140,East,PROD-008,Furniture,Bookcases,5-Shelf Bookcase,215,3,0.2,-4.3
108,CA-2022-150054,2021-01-26,2021-01-28,First Class,TG-21310,Toby Gnade,Consumer,United States,New York City,New York,10035,East,PROD-009,Office Supplies,Storage,File Organizer,250,4,0.0,45.0
109,CA-2023-150054,2021-02-02,2021-02-05,Second Class,MC-18100,Mick Crebagga,Home Office,United States,Dallas,Texas,75201,South,PROD-010,Technology,Accessories,USB-C Hub,285,5,0.1,22.8
110,CA-2019-150055,2021-02-09,2021-02-13,Standard Class,LC-16870,Lena Cacioppo,Consumer,United States,San Francisco,California,94109,West,PROD-001,Furniture,Chairs,Executive Office Chair,45,1,0.2,-0.9
111,CA-2020-150055,2021-02-16,2021-02-21,First Class,RB-19360,Raymond Buch,Consumer,United States,Chicago,Illinois,60610,Central,PROD-002,Furniture,Tables,Office Writing Desk,80,2,0.0,14.4
112,CA-2021-150056,2021-02-23,2021-02-25,Second Class,BP-11290,Beth Paige,Corporate,United States,Philadelphia,Pennsylvania,19140,East,PROD-003,Technology,Phones,iPhone SE,115,3,0.1,9.2
113,CA-2022-150056,2021-03-02,2021-03-05,Standard Class,TG-21310,Toby Gnade,Consumer,United States,New York City,New York,10035,East,PROD-004,Technology,Accessories,Wireless Keyboard,150,4,0.2,-3.0
114,CA-2023-150057,2021-03-09,2021-03-13,First Class,MC-18100,Mick Crebagga,Home Office,United States,Dallas,Texas,75201,South,PROD-005,Technology,Accessories,Wireless Mouse,185,5,0.0,33.3
115,CA-2019-150057,2021-03-16,2021-03-21,Second Class,LC-16870,Lena Cacioppo,Consumer,United States,San Francisco,California,94109,West,PROD-006,Office Supplies,Binders,Avery Binder,145,1,0.1,11.6
116,CA-2020-150058,2021-03-23,2021-03-25,Standard Class,RB-19360,Raymond Buch,Consumer,United States,Chicago,Illinois,60610,Central,PROD-007,Office Supplies,Paper,Copy Paper,180,2,0.2,-3.6
117,CA-2021-150058,2021-03-30,2021-04-02,First Class,BP-11290,Beth Paige,Corporate,United States,Philadelphia,Pennsylvania,19140,East,PROD-008,Furniture,Bookcases,5-Shelf Bookcase,215,3,0.0,38.7
118,CA-2022-150059,2021-04-06,2021-04-10,Second Class,TG-21310,Toby Gnade,Consumer,United States,New York City,New York,10035,East,PROD-009,Office Supplies,Storage,File Organizer,250,4,0.1,20.0
119,CA-2023-150059,2021-04-13,2021-04-18,Standard Class,MC-18100,Mick Crebagga,Home Office,United States,Dallas,Texas,75201,South,PROD-010,Technology,Accessories,USB-C Hub,285,5,0.2,-5.7
120,CA-2019-150060,2021-04-20,2021-04-22,First Class,LC-16870,Lena Cacioppo,Consumer,United States,San Francisco,California,94109,West,PROD-001,Furniture,Chairs,Executive Office Chair,45,1,0.0,8.1
121,CA-2020-150060,2021-04-27,2021-04-30,Second Class,RB-19360,Raymond Buch,Consumer,United States,Chicago,Illinois,60610,Central,PROD-002,Furniture,Tables,Office Writing Desk,80,2,0.1,6.4
122,CA-2021-150061,2021-05-04,2021-05-08,Standard Class,BP-11290,Beth Paige,Corporate,United States,Philadelphia,Pennsylvania,19140,East,PROD-003,Technology,Phones,iPhone SE,115,3,0.2,-2.3
123,CA-2022-150061,2021-05-11,2021-05-16,First Class,TG-21310,Toby Gnade,Consumer,United States,New York City,New York,10035,East,PROD-004,Technology,Accessories,Wireless Keyboard,150,4,0.0,27.0
124,CA-2023-150062,2021-05-18,2021-05-20,Second Class,MC-18100,Mick Crebagga,Home Office,United States,Dallas,Texas,75201,South,PROD-005,Technology,Accessories,Wireless Mouse,185,5,0.1,14.8
125,CA-2019-150062,2021-05-25,2021-05-28,Standard Class,LC-16870,Lena Cacioppo,Consumer,United States,San Francisco,California,94109,West,PROD-006,Office Supplies,Binders,Avery Binder,145,1,0.2,-2.9
126,CA-2020-150063,2021-06-01,2021-06-05,First Class,RB-19360,Raymond Buch,Consumer,United States,Chicago,Illinois,60610,Central,PROD-007,Office Supplies,Paper,Copy Paper,180,2,0.0,32.4
127,CA-2021-150063,2021-06-08,2021-06-13,Second Class,BP-11290,Beth Paige,Corporate,United States,Philadelphia,Pennsylvania,19140,East,PROD-008,Furniture,Bookcases,5-Shelf Bookcase,215,3,0.1,17.2
128,CA-2022-150064,2021-06-15,2021-06-17,Standard Class,TG-21310,Toby Gnade,Consumer,United States,New York City,New York,10035,East,PROD-009,Office Supplies,Storage,File Organizer,250,4,0.2,-5.0
129,CA-2023-150064,2021-06-22,2021-06-25,First Class,MC-18100,Mick Crebagga,Home Office,United States,Dallas,Texas,75201,South,PROD-010,Technology,Accessories,USB-C Hub,285,5,0.0,51.3
130,CA-2019-150065,2021-06-29,2021-07-03,Second Class,LC-16870,Lena Cacioppo,Consumer,United States,San Francisco,California,94109,West,PROD-001,Furniture,Chairs,Executive Office Chair,45,1,0.1,3.6
131,CA-2020-150065,2021-07-06,2021-07-11,Standard Class,RB-19360,Raymond Buch,Consumer,United States,Chicago,Illinois,60610,Central,PROD-002,Furniture,Tables,Office Writing Desk,80,2,0.2,-1.6
132,CA-2021-150066,2021-07-13,2021-07-15,First Class,BP-11290,Beth Paige,Corporate,United States,Philadelphia,Pennsylvania,19140,East,PROD-003,Technology,Phones,iPhone SE,115,3,0.0,20.7
133,CA-2022-150066,2021-07-20,2021-07-23,Second Class,TG-21310,Toby Gnade,Consumer,United States,New York City,New York,10035,East,PROD-004,Technology,Accessories,Wireless Keyboard,150,4,0.1,12.0
134,CA-2023-150067,2021-07-27,2021-07-31,Standard Class,MC-18100,Mick Crebagga,Home Office,United States,Dallas,Texas,75201,South,PROD-005,Technology,Accessories,Wireless Mouse,185,5,0.2,-3.7
135,CA-2019-150067,2021-08-03,2021-08-08,First Class,LC-16870,Lena Cacioppo,Consumer,United States,San Francisco,California,94109,West,PROD-006,Office Supplies,Binders,Avery Binder,145,1,0.0,26.1
136,CA-2020-150068,2021-08-10,2021-08-12,Second Class,RB-19360,Raymond Buch,Consumer,United States,Chicago,Illinois,60610,Central,PROD-007,Office Supplies,Paper,Copy Paper,180,2,0.1,14.4
137,CA-2021-150068,2021-08-17,2021-08-20,Standard Class,BP-11290,Beth Paige,Corporate,United States,Philadelphia,Pennsylvania,19140,East,PROD-008,Furniture,Bookcases,5-Shelf Bookcase,215,3,0.2,-4.3
138,CA-2022-150069,2021-08-24,2021-08-28,First Class,TG-21310,Toby Gnade,Consumer,United States,New York City,New York,10035,East,PROD-009,Office Supplies,Storage,File Organizer,250,4,0.0,45.0
139,CA-2023-150069,2021-08-31,2021-09-05,Second Class,MC-18100,Mick Crebagga,Home Office,United States,Dallas,Texas,75201,South,PROD-010,Technology,Accessories,USB-C Hub,285,5,0.1,22.8
140,CA-2019-150070,2021-09-07,2021-09-09,Standard Class,LC-16870,Lena Cacioppo,Consumer,United States,San Francisco,California,94109,West,PROD-001,Furniture,Chairs,Executive Office Chair,45,1,0.2,-0.9
141,CA-2020-150070,2021-09-14,2021-09-17,First Class,RB-19360,Raymond Buch,Consumer,United States,Chicago,Illinois,60610,Central,PROD-002,Furniture,Tables,Office Writing Desk,80,2,0.0,14.4
142,CA-2021-150071,2021-09-21,2021-09-25,Second Class,BP-11290,Beth Paige,Corporate,United States,Philadelphia,Pennsylvania,19140,East,PROD-003,Technology,Phones,iPhone SE,115,3,0.1,9.2
143,CA-2022-150071,2021-09-28,2021-10-03,Standard Class,TG-21310,Toby Gnade,Consumer,United States,New York City,New York,10035,East,PROD-004,Technology,Accessories,Wireless Keyboard,150,4,0.2,-3.0
144,CA-2023-150072,2021-10-05,2021-10-07,First Class,MC-18100,Mick Crebagga,Home Office,United States,Dallas,Texas,75201,South,PROD-005,Technology,Accessories,Wireless Mouse,185,5,0.0,33.3
145,CA-2019-150072,2021-10-12,2021-10-15,Second Class,LC-16870,Lena Cacioppo,Consumer,United States,San Francisco,California,94109,West,PROD-006,Office Supplies,Binders,Avery Binder,145,1,0.1,11.6
146,CA-2020-150073,2021-10-19,2021-10-23,Standard Class,RB-19360,Raymond Buch,Consumer,United States,Chicago,Illinois,60610,Central,PROD-007,Office Supplies,Paper,Copy Paper,180,2,0.2,-3.6
147,CA-2021-150073,2021-10-26,2021-10-31,First Class,BP-11290,Beth Paige,Corporate,United States,Philadelphia,Pennsylvania,19140,East,PROD-008,Furniture,Bookcases,5-Shelf Bookcase,215,3,0.0,38.7
148,CA-2022-150074,2021-11-02,2021-11-04,Second Class,TG-21310,Toby Gnade,Consumer,United States,New York City,New York,10035,East,PROD-009,Office Supplies,Storage,File Organizer,250,4,0.1,20.0
149,CA-2023-150074,2021-11-09,2021-11-12,Standard Class,MC-18100,Mick Crebagga,Home Office,United States,Dallas,Texas,75201,South,PROD-010,Technology,Accessories,USB-C Hub,285,5,0.2,-5.7
150,CA-2019-150075,2021-11-16,2021-11-20,First Class,LC-16870,Lena Cacioppo,Consumer,United States,San Francisco,California,94109,West,PROD-001,Furniture,Chairs,Executive Office Chair,45,1,0.0,8.1
151,CA-2020-150075,2021-11-23,2021-11-28,Second Class,RB-19360,Raymond Buch,Consumer,United States,Chicago,Illinois,60610,Central,PROD-002,Furniture,Tables,Office Writing Desk,80,2,0.1,6.4
152,CA-2021-150076,2021-11-30,2021-12-02,Standard Class,BP-11290,Beth Paige,Corporate,United States,Philadelphia,Pennsylvania,19140,East,PROD-003,Technology,Phones,iPhone SE,115,3,0.2,-2.3
153,CA-2022-150076,2021-12-07,2021-12-10,First Class,TG-21310,Toby Gnade,Consumer,United States,New York City,New York,10035,East,PROD-004,Technology,Accessories,Wireless Keyboard,150,4,0.0,27.0
154,CA-2023-150077,2021-12-14,2021-12-18,Second Class,MC-18100,Mick Crebagga,Home Office,United States,Dallas,Texas,75201,South,PROD-005,Technology,Accessories,Wireless Mouse,185,5,0.1,14.8
155,CA-2019-150077,2021-12-21,2021-12-26,Standard Class,LC-16870,Lena Cacioppo,Consumer,United States,San Francisco,California,94109,West,PROD-006,Office Supplies,Binders,Avery Binder,145,1,0.2,-2.9
156,CA-2020-150078,2021-12-28,2021-12-30,First Class,RB-19360,Raymond Buch,Consumer,United States,Chicago,Illinois,60610,Central,PROD-007,Office Supplies,Paper,Copy Paper,180,2,0.0,32.4
157,CA-2021-150078,2022-01-04,2022-01-07,Second Class,BP-11290,Beth Paige,Corporate,United States,Philadelphia,Pennsylvania,19140,East,PROD-008,Furniture,Bookcases,5-Shelf Bookcase,215,3,0.1,17.2
158,CA-2022-150079,2022-01-11,2022-01-15,Standard Class,TG-21310,Toby Gnade,Consumer,United States,New York City,New York,10035,East,PROD-009,Office Supplies,Storage,File Organizer,250,4,0.2,-5.0
159,CA-2023-150079,2022-01-18,2022-01-23,First Class,MC-18100,Mick Crebagga,Home Office,United States,Dallas,Texas,75201,South,PROD-010,Technology,Accessories,USB-C Hub,285,5,0.0,51.3
160,CA-2019-150080,2022-01-25,2022-01-27,Second Class,LC-16870,Lena Cacioppo,Consumer,United States,San Francisco,California,94109,West,PROD-001,Furniture,Chairs,Executive Office Chair,45,1,0.1,3.6
161,CA-2020-150080,2022-02-01,2022-02-04,Standard Class,RB-19360,Raymond Buch,Consumer,United States,Chicago,Illinois,60610,Central,PROD-002,Furniture,Tables,Office Writing Desk,80,2,0.2,-1.6
162,CA-2021-150081,2022-02-08,2022-02-12,First Class,BP-11290,Beth Paige,Corporate,United States,Philadelphia,Pennsylvania,19140,East,PROD-003,Technology,Phones,iPhone SE,115,3,0.0,20.7
163,CA-2022-150081,2022-02-15,2022-02-20,Second Class,TG-21310,Toby Gnade,Consumer,United States,New York City,New York,10035,East,PROD-004,Technology,Accessories,Wireless Keyboard,150,4,0.1,12.0
164,CA-2023-150082,2022-02-22,2022-02-24,Standard Class,MC-18100,Mick Crebagga,Home Office,United States,Dallas,Texas,75201,South,PROD-005,Technology,Accessories,Wireless Mouse,185,5,0.2,-3.7
165,CA-2019-150082,2022-03-01,2022-03-04,First Class,LC-16870,Lena Cacioppo,Consumer,United States,San Francisco,California,94109,West,PROD-006,Office Supplies,Binders,Avery Binder,145,1,0.0,26.1
166,CA-2020-150083,2022-03-08,2022-03-12,Second Class,RB-19360,Raymond Buch,Consumer,United States,Chicago,Illinois,60610,Central,PROD-007,Office Supplies,Paper,Copy Paper,180,2,0.1,14.4
167,CA-2021-150083,2022-03-15,2022-03-20,Standard Class,BP-11290,Beth Paige,Corporate,United States,Philadelphia,Pennsylvania,19140,East,PROD-008,Furniture,Bookcases,5-Shelf Bookcase,215,3,0.2,-4.3
168,CA-2022-150084,2022-03-22,2022-03-24,First Class,TG-21310,Toby Gnade,Consumer,United States,New York City,New York,10035,East,PROD-009,Office Supplies,Storage,File Organizer,250,4,0.0,45.0
169,CA-2023-150084,2022-03-29,2022-04-01,Second Class,MC-18100,Mick Crebagga,Home Office,United States,Dallas,Texas,75201,South,PROD-010,Technology,Accessories,USB-C Hub,285,5,0.1,22.8
170,CA-2019-150085,2022-04-05,2022-04-09,Standard Class,LC-16870,Lena Cacioppo,Consumer,United States,San Francisco,California,94109,West,PROD-001,Furniture,Chairs,Executive Office Chair,45,1,0.2,-0.9
171,CA-2020-150085,2022-04-12,2022-04-17,First Class,RB-19360,Raymond Buch,Consumer,United States,Chicago,Illinois,60610,Central,PROD-002,Furniture,Tables,Office Writing Desk,80,2,0.0,14.4
172,CA-2021-150086,2022-04-19,2022-04-21,Second Class,BP-11290,Beth Paige,Corporate,United States,Philadelphia,Pennsylvania,19140,East,PROD-003,Technology,Phones,iPhone SE,115,3,0.1,9.2
173,CA-2022-150086,2022-04-26,2022-04-29,Standard Class,TG-21310,Toby Gnade,Consumer,United States,New York City,New York,10035,East,PROD-004,Technology,Accessories,Wireless Keyboard,150,4,0.2,-3.0
174,CA-2023-150087,2022-05-03,2022-05-07,First Class,MC-18100,Mick Crebagga,Home Office,United States,Dallas,Texas,75201,South,PROD-005,Technology,Accessories,Wireless Mouse,185,5,0.0,33.3
175,CA-2019-150087,2022-05-10,2022-05-15,Second Class,LC-16870,Lena Cacioppo,Consumer,United States,San Francisco,California,94109,West,PROD-006,Office Supplies,Binders,Avery Binder,145,1,0.1,11.6
176,CA-2020-150088,2022-05-17,2022-05-19,Standard Class,RB-19360,Raymond Buch,Consumer,United States,Chicago,Illinois,60610,Central,PROD-007,Office Supplies,Paper,Copy Paper,180,2,0.2,-3.6
177,CA-2021-150088,2022-05-24,2022-05-27,First Class,BP-11290,Beth Paige,Corporate,United States,Philadelphia,Pennsylvania,19140,East,PROD-008,Furniture,Bookcases,5-Shelf Bookcase,215,3,0.0,38.7
178,CA-2022-150089,2022-05-31,2022-06-04,Second Class,TG-21310,Toby Gnade,Consumer,United States,New York City,New York,10035,East,PROD-009,Office Supplies,Storage,File Organizer,250,4,0.1,20.0
179,CA-2023-150089,2022-06-07,2022-06-12,Standard Class,MC-18100,Mick Crebagga,Home Office,United States,Dallas,Texas,75201,South,PROD-010,Technology,Accessories,USB-C Hub,285,5,0.2,-5.7
180,CA-2019-150090,2022-06-14,2022-06-16,First Class,LC-16870,Lena Cacioppo,Consumer,United States,San Francisco,California,94109,West,PROD-001,Furniture,Chairs,Executive Office Chair,45,1,0.0,8.1
181,CA-2020-150090,2022-06-21,2022-06-24,Second Class,RB-19360,Raymond Buch,Consumer,United States,Chicago,Illinois,60610,Central,PROD-002,Furniture,Tables,Office Writing Desk,80,2,0.1,6.4
182,CA-2021-150091,2022-06-28,2022-07-02,Standard Class,BP-11290,Beth Paige,Corporate,United States,Philadelphia,Pennsylvania,19140,East,PROD-003,Technology,Phones,iPhone SE,115,3,0.2,-2.3
183,CA-2022-150091,2022-07-05,2022-07-10,First Class,TG-21310,Toby Gnade,Consumer,United States,New York City,New York,10035,East,PROD-004,Technology,Accessories,Wireless Keyboard,150,4,0.0,27.0
184,CA-2023-150092,2022-07-12,2022-07-14,Second Class,MC-18100,Mick Crebagga,Home Office,United States,Dallas,Texas,75201,South,PROD-005,Technology,Accessories,Wireless Mouse,185,5,0.1,14.8
185,CA-2019-150092,2022-07-19,2022-07-22,Standard Class,LC-16870,Lena Cacioppo,Consumer,United States,San Francisco,California,94109,West,PROD-006,Office Supplies,Binders,Avery Binder,145,1,0.2,-2.9
186,CA-2020-150093,2022-07-26,2022-07-30,First Class,RB-19360,Raymond Buch,Consumer,United States,Chicago,Illinois,60610,Central,PROD-007,Office Supplies,Paper,Copy Paper,180,2,0.0,32.4
187,CA-2021-150093,2022-08-02,2022-08-07,Second Class,BP-11290,Beth Paige,Corporate,United States,Philadelphia,Pennsylvania,19140,East,PROD-008,Furniture,Bookcases,5-Shelf Bookcase,215,3,0.1,17.2
188,CA-2022-150094,2022-08-09,2022-08-11,Standard Class,TG-21310,Toby Gnade,Consumer,United States,New York City,New York,10035,East,PROD-009,Office Supplies,Storage,File Organizer,250,4,0.2,-5.0
189,CA-2023-150094,2022-08-16,2022-08-19,First Class,MC-18100,Mick Crebagga,Home Office,United States,Dallas,Texas,75201,South,PROD-010,Technology,Accessories,USB-C Hub,285,5,0.0,51.3
190,CA-2019-150095,2022-08-23,2022-08-27,Second Class,LC-16870,Lena Cacioppo,Consumer,United States,San Francisco,California,94109,West,PROD-001,Furniture,Chairs,Executive Office Chair,45,1,0.1,3.6
191,CA-2020-150095,2022-08-30,2022-09-04,Standard Class,RB-19360,Raymond Buch,Consumer,United States,Chicago,Illinois,60610,Central,PROD-002,Furniture,Tables,Office Writing Desk,80,2,0.2,-1.6
192,CA-2021-150096,2022-09-06,2022-09-08,First Class,BP-11290,Beth Paige,Corporate,United States,Philadelphia,Pennsylvania,19140,East,PROD-003,Technology,Phones,iPhone SE,115,3,0.0,20.7
193,CA-2022-150096,2022-09-13,2022-09-16,Second Class,TG-21310,Toby Gnade,Consumer,United States,New York City,New York,10035,East,PROD-004,Technology,Accessories,Wireless Keyboard,150,4,0.1,12.0
194,CA-2023-150097,2022-09-20,2022-09-24,Standard Class,MC-18100,Mick Crebagga,Home Office,United States,Dallas,Texas,75201,South,PROD-005,Technology,Accessories,Wireless Mouse,185,5,0.2,-3.7
195,CA-2019-150097,2022-09-27,2022-10-02,First Class,LC-16870,Lena Cacioppo,Consumer,United States,San Francisco,California,94109,West,PROD-006,Office Supplies,Binders,Avery Binder,145,1,0.0,26.1
196,CA-2020-150098,2022-10-04,2022-10-06,Second Class,RB-19360,Raymond Buch,Consumer,United States,Chicago,Illinois,60610,Central,PROD-007,Office Supplies,Paper,Copy Paper,180,2,0.1,14.4
197,CA-2021-150098,2022-10-11,2022-10-14,Standard Class,BP-11290,Beth Paige,Corporate,United States,Philadelphia,Pennsylvania,19140,East,PROD-008,Furniture,Bookcases,5-Shelf Bookcase,215,3,0.2,-4.3
198,CA-2022-150099,2022-10-18,2022-10-22,First Class,TG-21310,Toby Gnade,Consumer,United States,New York City,New York,10035,East,PROD-009,Office Supplies,Storage,File Organizer,250,4,0.0,45.0
199,CA-2023-150099,2022-10-25,2022-10-30,Second Class,MC-18100,Mick Crebagga,Home Office,United States,Dallas,Texas,75201,South,PROD-010,Technology,Accessories,USB-C Hub,285,5,0.1,22.8
200,CA-2019-150100,2022-11-01,2022-11-03,Standard Class,LC-16870,Lena Cacioppo,Consumer,United States,San Francisco,California,94109,West,PROD-001,Furniture,Chairs,Executive Office Chair,45,1,0.2,-0.9
